"id","labels"
1,5
2,94
3,473
4,1211
5,1148
6,239
7,134
8,959
9,72
10,120
11,904
12,892
13,986
14,484
15,409
16,55
17,51
18,904
19,378
20,221
21,1112
22,577
23,205
24,245
25,290
26,536
27,474
28,1088
29,1098
30,693
31,377
32,14
33,626
34,296
35,1191
36,275
37,1001
38,34
39,58
40,353
41,335
42,498
43,848
44,8
45,646
46,170
47,880
48,732
49,651
50,249
51,1032
52,727
53,1164
54,763
55,988
56,987
57,446
58,44
59,963
60,309
61,378
62,664
63,622
64,1123
65,674
66,287
67,517
68,199
69,1036
70,743
71,784
72,1108
73,1094
74,862
75,347
76,691
77,163
78,63
79,31
80,675
81,1044
82,127
83,1128
84,649
85,68
86,359
87,602
88,858
89,996
90,990
91,134
92,582
93,166
94,580
95,715
96,667
97,333
98,488
99,615
100,1141
101,721
102,14
103,1001
104,97
105,644
106,1106
107,1156
108,655
109,215
110,128
111,377
112,287
113,526
114,208
115,593
116,585
117,827
118,817
119,529
120,150
121,332
122,392
123,625
124,449
125,375
126,660
127,932
128,44
129,1085
130,733
131,724
132,1058
133,868
134,618
135,957
136,325
137,517
138,34
139,483
140,152
141,470
142,836
143,129
144,232
145,125
146,21
147,408
148,1074
149,931
150,932
151,128
152,51
153,691
154,200
155,1032
156,688
157,675
158,137
159,1171
160,1185
161,951
162,23
163,497
164,410
165,351
166,179
167,675
168,1016
169,20
170,743
171,798
172,1094
173,292
174,333
175,621
176,968
177,686
178,272
179,630
180,877
181,344
182,1024
183,1170
184,1025
185,987
186,43
187,791
188,230
189,571
190,81
191,120
192,943
193,903
194,969
195,1015
196,517
197,1033
198,796
199,746
200,722
201,1183
202,543
203,594
204,488
205,153
206,994
207,340
208,1021
209,514
210,182
211,1026
212,1147
213,640
214,460
215,675
216,264
217,267
218,926
219,1062
220,55
221,379
222,989
223,366
224,569
225,301
226,107
227,1119
228,114
229,955
230,630
231,273
232,241
233,871
234,591
235,1080
236,399
237,609
238,544
239,922
240,161
241,1206
242,584
243,1001
244,246
245,1080
246,1097
247,651
248,65
249,713
250,1042
251,287
252,887
253,532
254,94
255,901
256,10
257,445
258,1129
259,3
260,616
261,744
262,781
263,131
264,783
265,327
266,427
267,1122
268,30
269,44
270,715
271,896
272,1041
273,165
274,638
275,193
276,928
277,540
278,760
279,428
280,504
281,1098
282,563
283,204
284,330
285,640
286,286
287,534
288,1035
289,60
290,974
291,659
292,470
293,53
294,1071
295,630
296,29
297,80
298,957
299,319
300,100
301,582
302,119
303,890
304,949
305,500
306,224
307,950
308,41
309,412
310,472
311,1173
312,530
313,1178
314,376
315,287
316,187
317,785
318,1130
319,604
320,246
321,585
322,196
323,235
324,979
325,739
326,1147
327,224
328,625
329,165
330,670
331,572
332,391
333,774
334,303
335,1150
336,404
337,905
338,149
339,375
340,1150
341,735
342,614
343,151
344,108
345,1104
346,1199
347,923
348,665
349,107
350,937
351,29
352,208
353,430
354,780
355,15
356,542
357,560
358,227
359,738
360,224
361,597
362,19
363,874
364,987
365,400
366,16
367,673
368,1066
369,609
370,429
371,194
372,793
373,924
374,690
375,1115
376,1124
377,884
378,447
379,364
380,534
381,974
382,152
383,109
384,562
385,162
386,765
387,522
388,821
389,111
390,277
391,218
392,885
393,248
394,1051
395,1177
396,1060
397,479
398,158
399,166
400,866
401,1121
402,433
403,205
404,145
405,928
406,559
407,832
408,254
409,365
410,709
411,32
412,716
413,1124
414,757
415,226
416,1082
417,122
418,1135
419,1015
420,715
421,488
422,940
423,600
424,674
425,874
426,881
427,1145
428,919
429,222
430,157
431,127
432,494
433,1206
434,605
435,341
436,542
437,144
438,361
439,242
440,488
441,164
442,685
443,598
444,415
445,44
446,30
447,1033
448,157
449,317
450,302
451,434
452,23
453,611
454,481
455,209
456,523
457,717
458,912
459,709
460,916
461,709
462,862
463,554
464,615
465,785
466,669
467,76
468,108
469,24
470,638
471,962
472,27
473,427
474,492
475,6
476,1202
477,601
478,420
479,115
480,980
481,1194
482,989
483,155
484,227
485,439
486,1093
487,896
488,151
489,82
490,671
491,955
492,316
493,1047
494,960
495,903
496,63
497,743
498,5
499,15
500,1105
501,506
502,670
503,412
504,808
505,1074
506,420
507,287
508,842
509,176
510,71
511,530
512,242
513,319
514,290
515,196
516,1102
517,510
518,259
519,790
520,33
521,464
522,262
523,506
524,923
525,781
526,431
527,467
528,181
529,663
530,250
531,287
532,1153
533,899
534,322
535,207
536,755
537,224
538,378
539,1008
540,1167
541,562
542,947
543,875
544,1152
545,544
546,933
547,609
548,262
549,1177
550,244
551,144
552,295
553,782
554,179
555,980
556,864
557,317
558,1129
559,817
560,932
561,344
562,368
563,275
564,891
565,515
566,756
567,1040
568,548
569,28
570,1089
571,1104
572,40
573,1106
574,653
575,23
576,858
577,34
578,139
579,582
580,112
581,1010
582,553
583,510
584,608
585,710
586,61
587,172
588,629
589,618
590,82
591,885
592,742
593,969
594,326
595,1095
596,294
597,1025
598,427
599,424
600,842
601,256
602,895
603,851
604,270
605,916
606,869
607,1148
608,34
609,78
610,621
611,130
612,434
613,691
614,537
615,633
616,97
617,894
618,393
619,374
620,453
621,393
622,849
623,312
624,372
625,557
626,263
627,437
628,933
629,581
630,658
631,689
632,1071
633,52
634,650
635,455
636,391
637,409
638,783
639,361
640,516
641,1103
642,1175
643,1111
644,550
645,112
646,1062
647,828
648,373
649,1037
650,1060
651,190
652,346
653,289
654,1013
655,415
656,1040
657,315
658,712
659,871
660,1060
661,614
662,1069
663,118
664,163
665,33
666,51
667,1093
668,857
669,170
670,140
671,217
672,444
673,905
674,622
675,844
676,241
677,588
678,699
679,50
680,679
681,203
682,89
683,788
684,444
685,290
686,24
687,1177
688,737
689,505
690,1047
691,454
692,146
693,27
694,1113
695,523
696,745
697,42
698,45
699,510
700,20
701,416
702,779
703,241
704,629
705,963
706,1064
707,482
708,1103
709,304
710,541
711,448
712,289
713,673
714,1057
715,745
716,323
717,803
718,321
719,932
720,382
721,1177
722,846
723,238
724,320
725,747
726,119
727,958
728,58
729,807
730,873
731,238
732,532
733,738
734,1008
735,1050
736,106
737,672
738,1043
739,240
740,1020
741,1000
742,276
743,361
744,287
745,412
746,1166
747,943
748,32
749,259
750,322
751,23
752,951
753,673
754,725
755,364
756,743
757,399
758,892
759,1208
760,315
761,558
762,905
763,1105
764,796
765,1116
766,1210
767,254
768,441
769,630
770,1143
771,17
772,776
773,697
774,109
775,1
776,29
777,197
778,415
779,613
780,773
781,158
782,1052
783,727
784,27
785,300
786,1042
787,692
788,1039
789,178
790,877
791,979
792,1067
793,116
794,508
795,930
796,2
797,366
798,1025
799,1001
800,488
801,798
802,947
803,1144
804,924
805,85
806,254
807,249
808,45
809,97
810,1056
811,347
812,671
813,42
814,1198
815,47
816,997
817,26
818,675
819,611
820,756
821,1144
822,948
823,1010
824,99
825,799
826,582
827,472
828,922
829,566
830,260
831,421
832,420
833,607
834,661
835,1188
836,377
837,590
838,194
839,231
840,265
841,530
842,631
843,1057
844,216
845,62
846,1053
847,365
848,747
849,251
850,1156
851,203
852,964
853,36
854,844
855,105
856,1001
857,1069
858,465
859,1164
860,219
861,1007
862,1040
863,499
864,300
865,1158
866,710
867,650
868,991
869,803
870,401
871,377
872,764
873,752
874,927
875,574
876,964
877,431
878,545
879,583
880,209
881,976
882,1140
883,1207
884,89
885,59
886,541
887,1183
888,47
889,1185
890,256
891,760
892,390
893,825
894,997
895,1168
896,502
897,1036
898,633
899,430
900,1202
901,716
902,587
903,1071
904,1201
905,248
906,1106
907,1098
908,1173
909,734
910,183
911,300
912,655
913,50
914,633
915,680
916,916
917,716
918,222
919,806
920,66
921,1152
922,908
923,315
924,1183
925,256
926,294
927,272
928,360
929,798
930,423
931,687
932,604
933,924
934,339
935,251
936,487
937,1200
938,224
939,398
940,355
941,218
942,625
943,357
944,280
945,25
946,118
947,312
948,1139
949,146
950,877
951,68
952,677
953,384
954,676
955,725
956,759
957,256
958,229
959,626
960,135
961,435
962,434
963,953
964,1035
965,122
966,380
967,880
968,362
969,522
970,788
971,1161
972,703
973,1141
974,781
975,758
976,144
977,351
978,598
979,901
980,1125
981,362
982,829
983,642
984,1027
985,33
986,1205
987,381
988,1143
989,78
990,280
991,508
992,319
993,634
994,689
995,244
996,339
997,977
998,925
999,343
1000,1055
1001,1117
1002,487
1003,721
1004,704
1005,1142
1006,6
1007,111
1008,597
1009,909
1010,1197
1011,1131
1012,381
1013,1088
1014,699
1015,1150
1016,818
1017,88
1018,221
1019,385
1020,1045
1021,354
1022,100
1023,169
1024,625
1025,84
1026,542
1027,737
1028,723
1029,1137
1030,979
1031,696
1032,311
1033,662
1034,306
1035,497
1036,321
1037,1049
1038,424
1039,222
1040,407
1041,777
1042,631
1043,36
1044,640
1045,1058
1046,442
1047,1087
1048,609
1049,694
1050,970
1051,701
1052,326
1053,5
1054,1192
1055,542
1056,517
1057,691
1058,1199
1059,523
1060,1128
1061,51
1062,392
1063,234
1064,597
1065,126
1066,936
1067,652
1068,866
1069,1103
1070,858
1071,540
1072,770
1073,585
1074,64
1075,847
1076,1095
1077,31
1078,1164
1079,691
1080,1052
1081,775
1082,433
1083,196
1084,935
1085,788
1086,1042
1087,807
1088,432
1089,486
1090,280
1091,478
1092,203
1093,967
1094,1046
1095,189
1096,326
1097,894
1098,598
1099,108
1100,1109
1101,475
1102,349
1103,657
1104,410
1105,1127
1106,1188
1107,824
1108,926
1109,42
1110,570
1111,495
1112,939
1113,855
1114,1102
1115,260
1116,359
1117,444
1118,15
1119,600
1120,897
1121,451
1122,1156
1123,1027
1124,914
1125,777
1126,696
1127,56
1128,34
1129,1071
1130,580
1131,796
1132,133
1133,983
1134,1182
1135,200
1136,978
1137,390
1138,901
1139,773
1140,73
1141,732
1142,73
1143,1154
1144,815
1145,101
1146,127
1147,929
1148,570
1149,534
1150,826
1151,572
1152,1014
1153,420
1154,487
1155,55
1156,607
1157,679
1158,972
1159,706
1160,710
1161,1211
1162,745
1163,305
1164,193
1165,518
1166,878
1167,674
1168,1028
1169,614
1170,727
1171,1163
1172,962
1173,575
1174,246
1175,339
1176,1132
1177,293
1178,800
1179,808
1180,371
1181,73
1182,814
1183,649
1184,365
1185,440
1186,512
1187,864
1188,881
1189,631
1190,1006
1191,171
1192,392
1193,874
1194,1091
1195,292
1196,134
1197,828
1198,844
1199,364
1200,229
1201,525
1202,777
1203,709
1204,198
1205,1115
1206,923
1207,176
1208,213
1209,630
1210,648
1211,28
1212,326
1213,389
1214,1
1215,585
1216,340
1217,696
1218,1071
1219,367
1220,169
1221,357
1222,1151
1223,835
1224,313
1225,914
1226,297
1227,895
1228,923
1229,528
1230,744
1231,613
1232,253
1233,1121
1234,175
1235,825
1236,368
1237,452
1238,524
1239,107
1240,991
1241,349
1242,73
1243,491
1244,574
1245,90
1246,513
1247,737
1248,53
1249,329
1250,181
1251,887
1252,910
1253,668
1254,231
1255,354
1256,1184
1257,267
1258,23
1259,663
1260,621
1261,336
1262,726
1263,934
1264,517
1265,270
1266,1105
1267,873
1268,1004
1269,1000
1270,14
1271,153
1272,263
1273,406
1274,1059
1275,235
1276,1181
1277,277
1278,526
1279,139
1280,694
1281,75
1282,63
1283,279
1284,461
1285,938
1286,966
1287,1004
1288,241
1289,543
1290,901
1291,837
1292,1183
1293,538
1294,27
1295,94
1296,235
1297,234
1298,1211
1299,18
1300,853
1301,290
1302,323
1303,526
1304,239
1305,1007
1306,626
1307,237
1308,890
1309,349
1310,6
1311,228
1312,1133
1313,850
1314,331
1315,86
1316,695
1317,732
1318,385
1319,496
1320,353
1321,190
1322,831
1323,688
1324,222
1325,1165
1326,301
1327,901
1328,125
1329,740
1330,184
1331,896
1332,218
1333,430
1334,259
1335,955
1336,941
1337,530
1338,1094
1339,1176
1340,1211
1341,263
1342,389
1343,405
1344,113
1345,91
1346,868
1347,30
1348,1179
1349,244
1350,559
1351,583
1352,1059
1353,476
1354,744
1355,425
1356,489
1357,1202
1358,830
1359,922
1360,766
1361,292
1362,1019
1363,415
1364,1001
1365,1174
1366,1146
1367,5
1368,655
1369,773
1370,212
1371,435
1372,439
1373,577
1374,460
1375,850
1376,385
1377,846
1378,1033
1379,638
1380,879
1381,610
1382,189
1383,546
1384,618
1385,248
1386,513
1387,365
1388,7
1389,557
1390,1151
1391,524
1392,628
1393,350
1394,796
1395,864
1396,970
1397,410
1398,1156
1399,69
1400,616
1401,644
1402,1203
1403,164
1404,230
1405,888
1406,1090
1407,736
1408,5
1409,1032
1410,872
1411,571
1412,209
1413,1178
1414,318
1415,1051
1416,82
1417,883
1418,826
1419,155
1420,284
1421,548
1422,630
1423,475
1424,1065
1425,248
1426,689
1427,204
1428,786
1429,951
1430,701
1431,318
1432,180
1433,184
1434,624
1435,1073
1436,39
1437,107
1438,931
1439,512
1440,737
1441,969
1442,448
1443,682
1444,710
1445,1175
1446,586
1447,389
1448,626
1449,1150
1450,872
1451,1072
1452,226
1453,86
1454,614
1455,556
1456,112
1457,994
1458,318
1459,563
1460,140
1461,957
1462,261
1463,12
1464,220
1465,976
1466,924
1467,173
1468,1100
1469,485
1470,10
1471,84
1472,924
1473,38
1474,943
1475,712
1476,127
1477,412
1478,1068
1479,1149
1480,915
1481,21
1482,850
1483,73
1484,621
1485,197
1486,366
1487,1198
1488,999
1489,449
1490,1183
1491,835
1492,71
1493,143
1494,758
1495,372
1496,690
1497,308
1498,432
1499,1198
1500,554
1501,984
1502,988
1503,575
1504,688
1505,880
1506,612
1507,1138
1508,799
1509,434
1510,878
1511,401
1512,713
1513,512
1514,1083
1515,771
1516,799
1517,877
1518,1171
1519,153
1520,495
1521,241
1522,875
1523,467
1524,584
1525,271
1526,39
1527,1018
1528,261
1529,482
1530,171
1531,456
1532,832
1533,293
1534,367
1535,1079
1536,985
1537,2
1538,317
1539,1202
1540,783
1541,550
1542,177
1543,500
1544,333
1545,1062
1546,451
1547,191
1548,553
1549,599
1550,839
1551,179
1552,864
1553,1090
1554,868
1555,386
1556,304
1557,1201
1558,664
1559,391
1560,232
1561,182
1562,772
1563,444
1564,445
1565,19
1566,214
1567,213
1568,825
1569,325
1570,421
1571,1028
1572,282
1573,43
1574,98
1575,154
1576,964
1577,357
1578,379
1579,1159
1580,419
1581,1166
1582,1205
1583,903
1584,896
1585,387
1586,169
1587,243
1588,472
1589,991
1590,511
1591,993
1592,99
1593,842
1594,565
1595,925
1596,525
1597,949
1598,44
1599,389
1600,986
1601,463
1602,970
1603,37
1604,887
1605,271
1606,282
1607,532
1608,1196
1609,1151
1610,310
1611,106
1612,900
1613,613
1614,71
1615,693
1616,1013
1617,125
1618,66
1619,551
1620,1111
1621,191
1622,749
1623,1179
1624,148
1625,112
1626,347
1627,980
1628,123
1629,238
1630,700
1631,684
1632,1169
1633,449
1634,932
1635,158
1636,638
1637,685
1638,658
1639,1101
1640,198
1641,1135
1642,345
1643,843
1644,829
1645,956
1646,696
1647,32
1648,451
1649,650
1650,693
1651,1028
1652,922
1653,755
1654,799
1655,649
1656,798
1657,133
1658,1151
1659,551
1660,134
1661,768
1662,619
1663,1175
1664,368
1665,541
1666,709
1667,865
1668,1129
1669,747
1670,159
1671,410
1672,668
1673,605
1674,531
1675,658
1676,803
1677,935
1678,469
1679,1081
1680,691
1681,271
1682,1198
1683,530
1684,277
1685,1196
1686,314
1687,715
1688,662
1689,954
1690,250
1691,770
1692,585
1693,856
1694,330
1695,530
1696,324
1697,164
1698,223
1699,521
1700,716
1701,930
1702,159
1703,908
1704,232
1705,975
1706,646
1707,995
1708,241
1709,498
1710,539
1711,292
1712,379
1713,525
1714,196
1715,487
1716,617
1717,492
1718,968
1719,785
1720,919
1721,1122
1722,702
1723,784
1724,289
1725,271
1726,55
1727,245
1728,517
1729,477
1730,859
1731,427
1732,1037
1733,786
1734,270
1735,128
1736,1138
1737,1114
1738,132
1739,13
1740,5
1741,240
1742,552
1743,943
1744,367
1745,927
1746,821
1747,1152
1748,195
1749,1196
1750,296
1751,996
1752,600
1753,750
1754,477
1755,239
1756,1178
1757,813
1758,240
1759,434
1760,447
1761,261
1762,1008
1763,318
1764,324
1765,443
1766,708
1767,884
1768,460
1769,641
1770,166
1771,341
1772,987
1773,811
1774,1067
1775,284
1776,1109
1777,28
1778,1159
1779,137
1780,262
1781,131
1782,5
1783,1029
1784,829
1785,566
1786,998
1787,992
1788,404
1789,268
1790,536
1791,484
1792,1097
1793,823
1794,388
1795,464
1796,887
1797,460
1798,572
1799,812
1800,466
1801,1021
1802,751
1803,817
1804,132
1805,132
1806,71
1807,103
1808,823
1809,596
1810,435
1811,1166
1812,275
1813,1173
1814,650
1815,949
1816,304
1817,35
1818,481
1819,865
1820,170
1821,260
1822,265
1823,1160
1824,68
1825,684
1826,394
1827,1048
1828,512
1829,697
1830,641
1831,97
1832,938
1833,513
1834,404
1835,1213
1836,1203
1837,504
1838,803
1839,97
1840,803
1841,476
1842,403
1843,1090
1844,1121
1845,491
1846,45
1847,126
1848,159
1849,824
1850,338
1851,827
1852,576
1853,964
1854,1056
1855,9
1856,992
1857,773
1858,715
1859,335
1860,615
1861,1000
1862,86
1863,711
1864,476
1865,655
1866,700
1867,248
1868,978
1869,1036
1870,1106
1871,76
1872,673
1873,380
1874,984
1875,615
1876,811
1877,335
1878,574
1879,1055
1880,215
1881,943
1882,561
1883,1156
1884,1055
1885,1164
1886,498
1887,367
1888,986
1889,721
1890,223
1891,1124
1892,857
1893,520
1894,203
1895,763
1896,940
1897,1004
1898,61
1899,135
1900,834
1901,449
1902,728
1903,812
1904,813
1905,32
1906,244
1907,736
1908,45
1909,19
1910,744
1911,103
1912,420
1913,181
1914,1068
1915,1182
1916,750
1917,883
1918,1199
1919,830
1920,384
1921,1103
1922,975
1923,583
1924,653
1925,212
1926,310
1927,774
1928,767
1929,456
1930,1023
1931,729
1932,651
1933,789
1934,1079
1935,81
1936,854
1937,451
1938,439
1939,468
1940,127
1941,645
1942,280
1943,448
1944,214
1945,905
1946,926
1947,1209
1948,340
1949,204
1950,774
1951,262
1952,962
1953,690
1954,657
1955,1088
1956,1131
1957,979
1958,1171
1959,435
1960,597
1961,357
1962,845
1963,731
1964,879
1965,752
1966,419
1967,728
1968,604
1969,611
1970,165
1971,799
1972,442
1973,173
1974,1031
1975,304
1976,195
1977,129
1978,857
1979,964
1980,280
1981,567
1982,854
1983,260
1984,1151
1985,387
1986,365
1987,871
1988,432
1989,416
1990,17
1991,668
1992,550
1993,1176
1994,847
1995,1028
1996,736
1997,105
1998,440
1999,240
2000,391
2001,1060
2002,973
2003,148
2004,185
2005,671
2006,807
2007,422
2008,662
2009,206
2010,348
2011,61
2012,1054
2013,906
2014,936
2015,1098
2016,48
2017,1213
2018,1079
2019,1134
2020,992
2021,915
2022,738
2023,506
2024,9
2025,889
2026,876
2027,363
2028,1134
2029,391
2030,703
2031,576
2032,1080
2033,913
2034,633
2035,922
2036,1013
2037,71
2038,445
2039,149
2040,470
2041,839
2042,1098
2043,119
2044,39
2045,748
2046,1000
2047,774
2048,1189
2049,946
2050,816
2051,965
2052,1010
2053,775
2054,437
2055,3
2056,994
2057,297
2058,227
2059,265
2060,1200
2061,947
2062,266
2063,869
2064,919
2065,881
2066,156
2067,263
2068,85
2069,292
2070,140
2071,469
2072,551
2073,665
2074,944
2075,449
2076,391
2077,417
2078,1066
2079,332
2080,406
2081,904
2082,339
2083,500
2084,611
2085,1204
2086,559
2087,188
2088,739
2089,372
2090,495
2091,985
2092,847
2093,1005
2094,1013
2095,741
2096,186
2097,276
2098,822
2099,721
2100,818
2101,142
2102,257
2103,511
2104,64
2105,1059
2106,220
2107,1079
2108,576
2109,796
2110,1127
2111,627
2112,319
2113,262
2114,10
2115,924
2116,652
2117,147
2118,776
2119,83
2120,432
2121,535
2122,222
2123,705
2124,757
2125,996
2126,163
2127,1138
2128,1123
2129,1159
2130,417
2131,546
2132,453
2133,1144
2134,503
2135,994
2136,876
2137,772
2138,924
2139,1168
2140,1009
2141,533
2142,91
2143,472
2144,1204
2145,1072
2146,790
2147,685
2148,896
2149,103
2150,1023
2151,821
2152,855
2153,213
2154,375
2155,762
2156,678
2157,149
2158,433
2159,1149
2160,20
2161,890
2162,113
2163,314
2164,456
2165,903
2166,112
2167,508
2168,572
2169,1113
2170,286
2171,296
2172,220
2173,828
2174,100
2175,143
2176,573
2177,199
2178,322
2179,83
2180,1196
2181,770
2182,651
2183,947
2184,230
2185,364
2186,1170
2187,1101
2188,562
2189,899
2190,1045
2191,737
2192,760
2193,960
2194,455
2195,1095
2196,1010
2197,352
2198,1209
2199,934
2200,195
2201,1057
2202,635
2203,978
2204,623
2205,193
2206,677
2207,784
2208,63
2209,564
2210,814
2211,467
2212,1139
2213,942
2214,157
2215,957
2216,47
2217,27
2218,145
2219,628
2220,383
2221,624
2222,1172
2223,129
2224,279
2225,549
2226,82
2227,1001
2228,371
2229,1156
2230,381
2231,914
2232,172
2233,374
2234,942
2235,818
2236,824
2237,1191
2238,1006
2239,406
2240,47
2241,555
2242,570
2243,1171
2244,1133
2245,538
2246,1000
2247,852
2248,461
2249,523
2250,68
2251,748
2252,556
2253,131
2254,895
2255,46
2256,107
2257,481
2258,261
2259,299
2260,371
2261,1041
2262,867
2263,327
2264,653
2265,480
2266,429
2267,605
2268,27
2269,987
2270,639
2271,1032
2272,1066
2273,807
2274,914
2275,1040
2276,1088
2277,1087
2278,661
2279,660
2280,1073
2281,837
2282,1121
2283,24
2284,631
2285,1036
2286,199
2287,877
2288,508
2289,442
2290,1143
2291,536
2292,273
2293,824
2294,965
2295,461
2296,1076
2297,605
2298,344
2299,332
2300,367
2301,540
2302,177
2303,98
2304,237
2305,1018
2306,358
2307,151
2308,859
2309,274
2310,946
2311,303
2312,267
2313,408
2314,1160
2315,972
2316,1027
2317,400
2318,877
2319,1090
2320,390
2321,175
2322,1169
2323,719
2324,649
2325,873
2326,322
2327,1126
2328,1202
2329,1057
2330,917
2331,977
2332,1037
2333,858
2334,952
2335,118
2336,729
2337,1097
2338,884
2339,408
2340,828
2341,385
2342,699
2343,749
2344,1188
2345,563
2346,903
2347,514
2348,391
2349,40
2350,465
2351,297
2352,5
2353,562
2354,419
2355,745
2356,1135
2357,609
2358,56
2359,657
2360,788
2361,310
2362,436
2363,197
2364,1
2365,491
2366,26
2367,59
2368,571
2369,110
2370,935
2371,981
2372,554
2373,1045
2374,82
2375,123
2376,1026
2377,10
2378,1016
2379,756
2380,350
2381,714
2382,629
2383,1199
2384,778
2385,741
2386,221
2387,1135
2388,1037
2389,504
2390,989
2391,904
2392,492
2393,172
2394,1073
2395,971
2396,167
2397,747
2398,600
2399,627
2400,126
2401,314
2402,582
2403,95
2404,782
2405,914
2406,168
2407,953
2408,1114
2409,372
2410,353
2411,1116
2412,1133
2413,1168
2414,618
2415,228
2416,676
2417,1115
2418,1169
2419,169
2420,458
2421,1206
2422,316
2423,94
2424,381
2425,1027
2426,1151
2427,989
2428,912
2429,1021
2430,986
2431,62
2432,341
2433,329
2434,345
2435,945
2436,371
2437,627
2438,355
2439,968
2440,258
2441,252
2442,1008
2443,84
2444,175
2445,391
2446,960
2447,897
2448,53
2449,369
2450,1062
2451,820
2452,692
2453,592
2454,598
2455,642
2456,1164
2457,577
2458,771
2459,404
2460,107
2461,9
2462,1173
2463,855
2464,28
2465,447
2466,421
2467,7
2468,28
2469,389
2470,460
2471,655
2472,1018
2473,4
2474,1190
2475,1070
2476,629
2477,761
2478,168
2479,8
2480,126
2481,361
2482,123
2483,431
2484,714
2485,129
2486,785
2487,544
2488,560
2489,610
2490,742
2491,1167
2492,449
2493,290
2494,196
2495,786
2496,720
2497,476
2498,187
2499,981
2500,775
2501,860
2502,522
2503,419
2504,740
2505,743
2506,362
2507,649
2508,391
2509,695
2510,856
2511,342
2512,585
2513,1019
2514,979
2515,732
2516,380
2517,1000
2518,643
2519,1028
2520,340
2521,472
2522,952
2523,1071
2524,384
2525,629
2526,1064
2527,1039
2528,103
2529,880
2530,6
2531,464
2532,761
2533,718
2534,205
2535,1112
2536,23
2537,965
2538,487
2539,114
2540,1137
2541,213
2542,59
2543,1192
2544,1154
2545,327
2546,572
2547,285
2548,940
2549,1115
2550,685
2551,763
2552,440
2553,660
2554,919
2555,629
2556,903
2557,285
2558,561
2559,795
2560,935
2561,63
2562,492
2563,515
2564,299
2565,823
2566,442
2567,1177
2568,978
2569,1027
2570,361
2571,709
2572,256
2573,698
2574,444
2575,218
2576,310
2577,323
2578,676
2579,355
2580,24
2581,1109
2582,398
2583,180
2584,1128
2585,1040
2586,149
2587,1144
2588,1017
2589,361
2590,242
2591,735
2592,116
2593,1162
2594,923
2595,354
2596,650
2597,765
2598,912
2599,378
2600,522
2601,301
2602,314
2603,492
2604,708
2605,1011
2606,305
2607,644
2608,1026
2609,116
2610,57
2611,544
2612,576
2613,1142
2614,803
2615,3
2616,1190
2617,1045
2618,53
2619,247
2620,912
2621,133
2622,5
2623,350
2624,467
2625,122
2626,516
2627,576
2628,147
2629,1014
2630,159
2631,473
2632,969
2633,84
2634,239
2635,1043
2636,855
2637,120
2638,146
2639,953
2640,625
2641,133
2642,1210
2643,32
2644,264
2645,376
2646,464
2647,1195
2648,199
2649,282
2650,648
2651,521
2652,512
2653,87
2654,927
2655,1031
2656,883
2657,569
2658,985
2659,751
2660,710
2661,984
2662,399
2663,658
2664,383
2665,298
2666,83
2667,808
2668,804
2669,452
2670,462
2671,1086
2672,227
2673,331
2674,535
2675,214
2676,1017
2677,478
2678,835
2679,86
2680,687
2681,511
2682,998
2683,837
2684,894
2685,842
2686,824
2687,735
2688,795
2689,670
2690,136
2691,305
2692,439
2693,1138
2694,1072
2695,294
2696,1137
2697,1204
2698,291
2699,251
2700,267
2701,373
2702,395
2703,262
2704,85
2705,366
2706,84
2707,426
2708,310
2709,650
2710,723
2711,534
2712,527
2713,1210
2714,940
2715,1182
2716,902
2717,844
2718,823
2719,697
2720,226
2721,774
2722,1087
2723,952
2724,744
2725,1120
2726,1148
2727,1203
2728,466
2729,663
2730,164
2731,549
2732,936
2733,361
2734,602
2735,927
2736,451
2737,149
2738,318
2739,286
2740,557
2741,805
2742,1116
2743,173
2744,608
2745,156
2746,919
2747,548
2748,463
2749,523
2750,663
2751,594
2752,373
2753,753
2754,1052
2755,724
2756,423
2757,544
2758,323
2759,211
2760,198
2761,771
2762,1184
2763,641
2764,978
2765,95
2766,750
2767,341
2768,120
2769,1082
2770,840
2771,478
2772,810
2773,919
2774,952
2775,88
2776,588
2777,236
2778,188
2779,622
2780,1073
2781,1108
2782,131
2783,421
2784,788
2785,467
2786,1045
2787,458
2788,1139
2789,1046
2790,453
2791,1079
2792,1085
2793,384
2794,124
2795,1045
2796,731
2797,1072
2798,752
2799,146
2800,1004
2801,770
2802,750
2803,226
2804,334
2805,520
2806,333
2807,864
2808,553
2809,19
2810,279
2811,302
2812,671
2813,331
2814,1031
2815,10
2816,235
2817,206
2818,969
2819,857
2820,523
2821,627
2822,809
2823,1112
2824,789
2825,177
2826,669
2827,993
2828,366
2829,148
2830,1032
2831,660
2832,174
2833,929
2834,603
2835,902
2836,438
2837,123
2838,91
2839,698
2840,509
2841,673
2842,754
2843,389
2844,1008
2845,765
2846,1135
2847,934
2848,619
2849,400
2850,954
2851,398
2852,354
2853,221
2854,341
2855,439
2856,132
2857,314
2858,818
2859,253
2860,79
2861,532
2862,754
2863,1080
2864,1068
2865,1093
2866,397
2867,148
2868,1169
2869,532
2870,593
2871,329
2872,521
2873,498
2874,391
2875,517
2876,1070
2877,145
2878,773
2879,711
2880,619
2881,55
2882,1167
2883,355
2884,174
2885,859
2886,824
2887,451
2888,960
2889,1009
2890,188
2891,136
2892,844
2893,1130
2894,1067
2895,110
2896,834
2897,1183
2898,523
2899,1143
2900,521
2901,1122
2902,1053
2903,703
2904,609
2905,161
2906,159
2907,169
2908,619
2909,498
2910,721
2911,1047
2912,338
2913,206
2914,723
2915,1005
2916,1210
2917,507
2918,792
2919,318
2920,460
2921,204
2922,233
2923,154
2924,1198
2925,1204
2926,1000
2927,744
2928,283
2929,949
2930,53
2931,1094
2932,123
2933,150
2934,293
2935,708
2936,1133
2937,1034
2938,137
2939,1099
2940,631
2941,939
2942,1036
2943,442
2944,900
2945,653
2946,356
2947,517
2948,79
2949,1174
2950,94
2951,211
2952,709
2953,69
2954,1065
2955,12
2956,22
2957,818
2958,719
2959,139
2960,781
2961,240
2962,301
2963,748
2964,1053
2965,688
2966,955
2967,1004
2968,931
2969,235
2970,570
2971,1
2972,139
2973,9
2974,454
2975,569
2976,1119
2977,497
2978,503
2979,824
2980,342
2981,827
2982,1202
2983,1009
2984,774
2985,685
2986,657
2987,290
2988,488
2989,672
2990,85
2991,781
2992,165
2993,625
2994,641
2995,968
2996,421
2997,163
2998,989
2999,975
3000,55
3001,123
3002,1182
3003,425
3004,375
3005,1047
3006,10
3007,500
3008,96
3009,671
3010,782
3011,366
3012,82
3013,977
3014,772
3015,225
3016,380
3017,1049
3018,463
3019,519
3020,1153
3021,602
3022,1017
3023,883
3024,891
3025,1093
3026,373
3027,338
3028,471
3029,295
3030,1019
3031,756
3032,343
3033,743
3034,1111
3035,316
3036,281
3037,254
3038,1043
3039,650
3040,325
3041,766
3042,865
3043,865
3044,73
3045,93
3046,981
3047,138
3048,1138
3049,428
3050,303
3051,583
3052,759
3053,54
3054,895
3055,314
3056,133
3057,414
3058,632
3059,379
3060,486
3061,309
3062,98
3063,1164
3064,532
3065,630
3066,1047
3067,920
3068,989
3069,819
3070,42
3071,986
3072,33
3073,1195
3074,679
3075,236
3076,155
3077,1212
3078,234
3079,480
3080,982
3081,1142
3082,586
3083,537
3084,1090
3085,669
3086,1094
3087,339
3088,847
3089,161
3090,687
3091,974
3092,1173
3093,718
3094,1089
3095,1198
3096,1022
3097,419
3098,1196
3099,1136
3100,1027
3101,169
3102,448
3103,1036
3104,228
3105,1039
3106,246
3107,840
3108,1115
3109,271
3110,1025
3111,917
3112,51
3113,1106
3114,440
3115,1157
3116,76
3117,1068
3118,957
3119,402
3120,551
3121,828
3122,653
3123,124
3124,19
3125,1143
3126,216
3127,878
3128,663
3129,896
3130,74
3131,513
3132,574
3133,759
3134,435
3135,1007
3136,601
3137,788
3138,1181
3139,1069
3140,40
3141,98
3142,73
3143,181
3144,483
3145,252
3146,876
3147,446
3148,483
3149,582
3150,902
3151,61
3152,647
3153,603
3154,945
3155,162
3156,525
3157,686
3158,116
3159,1050
3160,1198
3161,818
3162,368
3163,429
3164,296
3165,1186
3166,1194
3167,670
3168,14
3169,796
3170,612
3171,212
3172,1047
3173,1134
3174,130
3175,252
3176,489
3177,1088
3178,1004
3179,547
3180,1112
3181,659
3182,140
3183,121
3184,983
3185,402
3186,1185
3187,1093
3188,701
3189,696
3190,52
3191,37
3192,228
3193,767
3194,703
3195,296
3196,1131
3197,270
3198,689
3199,520
3200,630
3201,47
3202,1152
3203,853
3204,898
3205,230
3206,1058
3207,353
3208,235
3209,800
3210,1112
3211,1155
3212,284
3213,66
3214,563
3215,600
3216,1153
3217,1054
3218,444
3219,633
3220,236
3221,398
3222,187
3223,300
3224,473
3225,801
3226,1156
3227,391
3228,66
3229,1134
3230,1083
3231,793
3232,188
3233,1127
3234,1091
3235,13
3236,111
3237,1198
3238,457
3239,900
3240,597
3241,1177
3242,936
3243,366
3244,428
3245,45
3246,851
3247,1176
3248,971
3249,1035
3250,1149
3251,582
3252,1044
3253,175
3254,262
3255,70
3256,359
3257,1089
3258,565
3259,883
3260,324
3261,66
3262,1119
3263,705
3264,70
3265,1060
3266,150
3267,1184
3268,903
3269,607
3270,1141
3271,546
3272,423
3273,157
3274,488
3275,1027
3276,431
3277,1187
3278,366
3279,89
3280,1200
3281,573
3282,195
3283,874
3284,983
3285,386
3286,1113
3287,703
3288,1150
3289,941
3290,828
3291,103
3292,143
3293,991
3294,745
3295,6
3296,1210
3297,21
3298,774
3299,780
3300,513
3301,841
3302,816
3303,783
3304,677
3305,911
3306,258
3307,629
3308,334
3309,877
3310,499
3311,269
3312,89
3313,1043
3314,1077
3315,269
3316,206
3317,1166
3318,1009
3319,860
3320,748
3321,903
3322,487
3323,43
3324,887
3325,347
3326,619
3327,155
3328,386
3329,551
3330,788
3331,924
3332,667
3333,607
3334,495
3335,934
3336,1206
3337,1078
3338,831
3339,814
3340,779
3341,600
3342,630
3343,953
3344,1098
3345,261
3346,1061
3347,928
3348,411
3349,521
3350,1063
3351,82
3352,382
3353,991
3354,200
3355,827
3356,17
3357,642
3358,245
3359,574
3360,228
3361,929
3362,38
3363,316
3364,190
3365,761
3366,775
3367,743
3368,311
3369,517
3370,552
3371,698
3372,861
3373,1044
3374,708
3375,468
3376,705
3377,141
3378,99
3379,519
3380,1170
3381,387
3382,517
3383,720
3384,512
3385,692
3386,1168
3387,579
3388,667
3389,1100
3390,182
3391,168
3392,107
3393,240
3394,484
3395,726
3396,431
3397,556
3398,810
3399,233
3400,323
3401,1025
3402,191
3403,1063
3404,787
3405,954
3406,413
3407,1076
3408,719
3409,232
3410,857
3411,967
3412,1190
3413,91
3414,1156
3415,294
3416,507
3417,765
3418,633
3419,891
3420,538
3421,727
3422,764
3423,126
3424,1017
3425,1167
3426,382
3427,780
3428,882
3429,449
3430,838
3431,1096
3432,740
3433,596
3434,1105
3435,621
3436,1194
3437,500
3438,679
3439,766
3440,49
3441,752
3442,244
3443,887
3444,597
3445,879
3446,267
3447,521
3448,1064
3449,883
3450,903
3451,911
3452,125
3453,849
3454,775
3455,265
3456,885
3457,879
3458,581
3459,985
3460,1193
3461,1037
3462,626
3463,660
3464,1084
3465,550
3466,809
3467,978
3468,551
3469,1193
3470,517
3471,528
3472,1121
3473,579
3474,250
3475,36
3476,168
3477,635
3478,1151
3479,753
3480,1056
3481,896
3482,1061
3483,1107
3484,781
3485,475
3486,1140
3487,99
3488,1206
3489,735
3490,1051
3491,31
3492,1186
3493,705
3494,860
3495,1199
3496,482
3497,1012
3498,988
3499,487
3500,166
3501,163
3502,40
3503,562
3504,854
3505,762
3506,650
3507,543
3508,282
3509,139
3510,279
3511,185
3512,1124
3513,75
3514,741
3515,748
3516,598
3517,568
3518,459
3519,132
3520,69
3521,968
3522,1147
3523,982
3524,336
3525,1116
3526,267
3527,144
3528,1117
3529,1063
3530,1146
3531,323
3532,275
3533,320
3534,256
3535,230
3536,1052
3537,33
3538,970
3539,916
3540,284
3541,525
3542,144
3543,245
3544,103
3545,1140
3546,1199
3547,691
3548,1124
3549,388
3550,673
3551,499
3552,81
3553,650
3554,847
3555,983
3556,828
3557,1147
3558,668
3559,114
3560,670
3561,296
3562,1115
3563,180
3564,110
3565,743
3566,269
3567,569
3568,12
3569,312
3570,167
3571,42
3572,195
3573,233
3574,87
3575,600
3576,50
3577,324
3578,885
3579,124
3580,511
3581,863
3582,353
3583,1206
3584,388
3585,631
3586,694
3587,469
3588,358
3589,1106
3590,487
3591,549
3592,690
3593,289
3594,2
3595,1038
3596,137
3597,949
3598,1063
3599,876
3600,542
3601,29
3602,338
3603,294
3604,154
3605,114
3606,523
3607,40
3608,182
3609,850
3610,723
3611,188
3612,451
3613,140
3614,433
3615,763
3616,817
3617,348
3618,405
3619,1107
3620,1148
3621,900
3622,117
3623,757
3624,910
3625,106
3626,24
3627,64
3628,13
3629,1155
3630,785
3631,94
3632,223
3633,398
3634,500
3635,1123
3636,1142
3637,66
3638,83
3639,316
3640,1068
3641,782
3642,685
3643,241
3644,903
3645,175
3646,133
3647,963
3648,397
3649,79
3650,523
3651,976
3652,824
3653,839
3654,1029
3655,295
3656,813
3657,1141
3658,1106
3659,812
3660,679
3661,267
3662,241
3663,929
3664,1188
3665,291
3666,507
3667,535
3668,725
3669,1183
3670,17
3671,1081
3672,328
3673,1024
3674,649
3675,330
3676,576
3677,1171
3678,762
3679,612
3680,222
3681,55
3682,260
3683,468
3684,1114
3685,61
3686,502
3687,1211
3688,523
3689,539
3690,1035
3691,274
3692,951
3693,293
3694,527
3695,148
3696,1060
3697,221
3698,1197
3699,803
3700,510
3701,869
3702,414
3703,1051
3704,236
3705,15
3706,457
3707,842
3708,1180
3709,543
3710,133
3711,721
3712,342
3713,475
3714,743
3715,320
3716,791
3717,929
3718,601
3719,1028
3720,840
3721,71
3722,974
3723,625
3724,106
3725,919
3726,714
3727,1044
3728,123
3729,22
3730,1209
3731,719
3732,141
3733,736
3734,220
3735,394
3736,42
3737,1091
3738,577
3739,744
3740,1175
3741,962
3742,404
3743,838
3744,420
3745,401
3746,638
3747,1188
3748,1006
3749,1196
3750,1043
3751,149
3752,786
3753,8
3754,618
3755,534
3756,844
3757,492
3758,71
3759,272
3760,916
3761,1014
3762,1021
3763,867
3764,687
3765,573
3766,1027
3767,814
3768,660
3769,1117
3770,686
3771,367
3772,481
3773,657
3774,425
3775,220
3776,486
3777,797
3778,301
3779,1126
3780,829
3781,589
3782,1049
3783,721
3784,666
3785,298
3786,1100
3787,969
3788,556
3789,319
3790,468
3791,1185
3792,1104
3793,705
3794,1039
3795,1142
3796,623
3797,1067
3798,396
3799,139
3800,1173
3801,252
3802,371
3803,971
3804,1079
3805,482
3806,354
3807,498
3808,345
3809,1076
3810,835
3811,183
3812,653
3813,23
3814,401
3815,960
3816,66
3817,973
3818,615
3819,202
3820,630
3821,271
3822,445
3823,29
3824,542
3825,425
3826,202
3827,798
3828,699
3829,212
3830,797
3831,681
3832,1093
3833,154
3834,86
3835,870
3836,655
3837,534
3838,1116
3839,173
3840,1202
3841,317
3842,1126
3843,166
3844,224
3845,931
3846,954
3847,867
3848,138
3849,773
3850,326
3851,404
3852,160
3853,517
3854,698
3855,868
3856,264
3857,1185
3858,742
3859,103
3860,642
3861,1113
3862,470
3863,231
3864,510
3865,971
3866,803
3867,87
3868,1114
3869,800
3870,811
3871,725
3872,769
3873,935
3874,643
3875,921
3876,195
3877,137
3878,21
3879,508
3880,487
3881,666
3882,633
3883,879
3884,207
3885,306
3886,935
3887,189
3888,174
3889,528
3890,45
3891,593
3892,579
3893,1129
3894,279
3895,1079
3896,499
3897,198
3898,1124
3899,247
3900,647
3901,1192
3902,726
3903,866
3904,852
3905,789
3906,244
3907,258
3908,784
3909,717
3910,786
3911,1060
3912,679
3913,796
3914,135
3915,857
3916,1126
3917,134
3918,39
3919,1212
3920,285
3921,275
3922,134
3923,1019
3924,302
3925,190
3926,911
3927,779
3928,252
3929,699
3930,429
3931,471
3932,346
3933,679
3934,918
3935,621
3936,508
3937,649
3938,823
3939,876
3940,948
3941,367
3942,648
3943,389
3944,516
3945,644
3946,54
3947,806
3948,614
3949,763
3950,1194
3951,697
3952,424
3953,740
3954,801
3955,722
3956,229
3957,106
3958,256
3959,1081
3960,1093
3961,1161
3962,1196
3963,516
3964,218
3965,629
3966,769
3967,1127
3968,355
3969,95
3970,361
3971,486
3972,1058
3973,190
3974,1102
3975,666
3976,643
3977,228
3978,125
3979,556
3980,20
3981,816
3982,729
3983,1185
3984,728
3985,1049
3986,671
3987,152
3988,117
3989,511
3990,156
3991,360
3992,526
3993,246
3994,191
3995,937
3996,984
3997,546
3998,337
3999,890
4000,1024
4001,537
4002,289
4003,260
4004,48
4005,1040
4006,1025
4007,1195
4008,939
4009,534
4010,31
4011,56
4012,234
4013,911
4014,905
4015,336
4016,1142
4017,451
4018,899
4019,891
4020,679
4021,1041
4022,657
4023,738
4024,97
4025,306
4026,1138
4027,1069
4028,589
4029,995
4030,733
4031,843
4032,841
4033,181
4034,1209
4035,27
4036,809
4037,169
4038,12
4039,920
4040,531
4041,51
4042,168
4043,947
4044,496
4045,962
4046,353
4047,741
4048,762
4049,886
4050,1022
4051,644
4052,1073
4053,32
4054,1112
4055,135
4056,901
4057,667
4058,331
4059,113
4060,1203
4061,1076
4062,987
4063,968
4064,832
4065,884
4066,546
4067,427
4068,323
4069,401
4070,392
4071,380
4072,266
4073,552
4074,763
4075,674
4076,191
4077,849
4078,1125
4079,627
4080,53
4081,838
4082,90
4083,933
4084,919
4085,861
4086,892
4087,1029
4088,226
4089,803
4090,1007
4091,677
4092,569
4093,4
4094,652
4095,116
4096,238
4097,606
4098,127
4099,107
4100,989
4101,155
4102,534
4103,310
4104,1125
4105,1096
4106,1180
4107,597
4108,734
4109,93
4110,1128
4111,903
4112,209
4113,137
4114,707
4115,226
4116,768
4117,1210
4118,250
4119,1000
4120,674
4121,532
4122,1102
4123,1103
4124,1181
4125,936
4126,211
4127,476
4128,791
4129,561
4130,672
4131,796
4132,920
4133,41
4134,191
4135,836
4136,150
4137,544
4138,208
4139,370
4140,1180
4141,124
4142,1097
4143,305
4144,328
4145,515
4146,937
4147,505
4148,711
4149,469
4150,877
4151,838
4152,116
4153,989
4154,1204
4155,836
4156,310
4157,722
4158,119
4159,401
4160,473
4161,864
4162,1109
4163,85
4164,218
4165,639
4166,864
4167,497
4168,126
4169,740
4170,1018
4171,1072
4172,14
4173,675
4174,841
4175,1186
4176,332
4177,237
4178,356
4179,1081
4180,995
4181,1154
4182,1148
4183,679
4184,973
4185,818
4186,767
4187,534
4188,923
4189,338
4190,109
4191,754
4192,961
4193,93
4194,713
4195,778
4196,708
4197,365
4198,938
4199,452
4200,510
4201,63
4202,307
4203,1131
4204,5
4205,343
4206,413
4207,1194
4208,727
4209,1
4210,1002
4211,810
4212,1147
4213,1002
4214,533
4215,478
4216,1180
4217,398
4218,676
4219,1122
4220,611
4221,888
4222,1169
4223,518
4224,513
4225,987
4226,650
4227,580
4228,188
4229,98
4230,243
4231,538
4232,801
4233,118
4234,888
4235,165
4236,446
4237,15
4238,452
4239,762
4240,227
4241,290
4242,941
4243,906
4244,742
4245,1176
4246,272
4247,643
4248,612
4249,903
4250,459
4251,25
4252,413
4253,426
4254,299
4255,595
4256,325
4257,884
4258,897
4259,508
4260,412
4261,656
4262,1166
4263,62
4264,565
4265,519
4266,273
4267,745
4268,78
4269,911
4270,241
4271,692
4272,798
4273,452
4274,237
4275,742
4276,159
4277,789
4278,798
4279,792
4280,658
4281,390
4282,255
4283,752
4284,744
4285,339
4286,1195
4287,1075
4288,505
4289,691
4290,97
4291,26
4292,976
4293,167
4294,244
4295,583
4296,520
4297,17
4298,757
4299,725
4300,353
4301,456
4302,307
4303,274
4304,843
4305,726
4306,151
4307,289
4308,957
4309,657
4310,281
4311,317
4312,1207
4313,418
4314,903
4315,922
4316,518
4317,877
4318,120
4319,655
4320,507
4321,484
4322,302
4323,863
4324,1202
4325,1190
4326,837
4327,881
4328,718
4329,821
4330,86
4331,1004
4332,1082
4333,220
4334,130
4335,108
4336,1026
4337,102
4338,1012
4339,925
4340,596
4341,339
4342,465
4343,843
4344,927
4345,1190
4346,1190
4347,996
4348,398
4349,920
4350,747
4351,981
4352,842
4353,573
4354,110
4355,937
4356,863
4357,719
4358,821
4359,531
4360,825
4361,120
4362,169
4363,213
4364,591
4365,890
4366,378
4367,601
4368,181
4369,820
4370,349
4371,686
4372,883
4373,446
4374,160
4375,221
4376,436
4377,1076
4378,840
4379,457
4380,768
4381,550
4382,303
4383,1052
4384,391
4385,656
4386,673
4387,818
4388,357
4389,149
4390,957
4391,757
4392,890
4393,551
4394,504
4395,268
4396,958
4397,1019
4398,362
4399,946
4400,332
4401,572
4402,210
4403,1152
4404,705
4405,1062
4406,688
4407,1016
4408,575
4409,94
4410,821
4411,325
4412,170
4413,300
4414,484
4415,660
4416,734
4417,1157
4418,158
4419,475
4420,1143
4421,1055
4422,315
4423,658
4424,820
4425,548
4426,431
4427,1183
4428,154
4429,43
4430,662
4431,908
4432,627
4433,641
4434,152
4435,1089
4436,1074
4437,244
4438,713
4439,596
4440,650
4441,433
4442,113
4443,218
4444,477
4445,484
4446,1086
4447,1161
4448,460
4449,185
4450,990
4451,195
4452,612
4453,516
4454,985
4455,337
4456,1041
4457,1178
4458,259
4459,858
4460,956
4461,369
4462,1108
4463,293
4464,887
4465,633
4466,949
4467,336
4468,5
4469,1144
4470,621
4471,786
4472,76
4473,645
4474,144
4475,427
4476,685
4477,924
4478,298
4479,3
4480,743
4481,80
4482,1110
4483,74
4484,864
4485,1210
4486,686
4487,961
4488,874
4489,950
4490,425
4491,500
4492,788
4493,286
4494,244
4495,47
4496,468
4497,1210
4498,138
4499,85
4500,1002
4501,914
4502,203
4503,42
4504,464
4505,993
4506,445
4507,373
4508,184
4509,761
4510,142
4511,415
4512,132
4513,940
4514,551
4515,1193
4516,817
4517,259
4518,365
4519,391
4520,305
4521,61
4522,48
4523,212
4524,133
4525,1185
4526,538
4527,120
4528,1075
4529,244
4530,304
4531,715
4532,711
4533,1077
4534,537
4535,1045
4536,516
4537,666
4538,885
4539,1022
4540,390
4541,311
4542,230
4543,920
4544,641
4545,1173
4546,974
4547,32
4548,1074
4549,519
4550,1193
4551,959
4552,963
4553,284
4554,367
4555,706
4556,64
4557,146
4558,1045
4559,469
4560,935
4561,892
4562,1088
4563,1069
4564,1
4565,456
4566,919
4567,232
4568,947
4569,368
4570,765
4571,1129
4572,967
4573,937
4574,146
4575,168
4576,563
4577,93
4578,91
4579,1019
4580,561
4581,42
4582,50
4583,976
4584,1062
4585,968
4586,333
4587,214
4588,937
4589,979
4590,975
4591,472
4592,574
4593,791
4594,913
4595,495
4596,900
4597,1098
4598,855
4599,1167
4600,606
4601,1101
4602,23
4603,1179
4604,1064
4605,171
4606,1193
4607,942
4608,1110
4609,227
4610,889
4611,618
4612,173
4613,299
4614,875
4615,336
4616,1123
4617,385
4618,726
4619,1076
4620,537
4621,387
4622,802
4623,127
4624,774
4625,601
4626,695
4627,926
4628,596
4629,912
4630,346
4631,642
4632,491
4633,1178
4634,989
4635,360
4636,480
4637,1192
4638,750
4639,1094
4640,925
4641,701
4642,472
4643,826
4644,988
4645,828
4646,892
4647,659
4648,381
4649,746
4650,78
4651,272
4652,73
4653,118
4654,337
4655,426
4656,931
4657,1194
4658,369
4659,569
4660,957
4661,29
4662,1015
4663,962
4664,1077
4665,1043
4666,1165
4667,293
4668,245
4669,743
4670,296
4671,1050
4672,988
4673,916
4674,285
4675,370
4676,278
4677,795
4678,478
4679,101
4680,740
4681,475
4682,120
4683,719
4684,641
4685,963
4686,861
4687,144
4688,525
4689,150
4690,470
4691,1063
4692,1030
4693,620
4694,456
4695,634
4696,615
4697,710
4698,970
4699,1211
4700,52
4701,856
4702,1074
4703,964
4704,899
4705,551
4706,679
4707,498
4708,746
4709,287
4710,1142
4711,637
4712,701
4713,159
4714,151
4715,144
4716,1168
4717,32
4718,186
4719,151
4720,417
4721,1134
4722,963
4723,941
4724,1065
4725,417
4726,890
4727,1179
4728,666
4729,781
4730,197
4731,297
4732,887
4733,459
4734,975
4735,389
4736,1095
4737,865
4738,1102
4739,704
4740,535
4741,961
4742,85
4743,32
4744,504
4745,876
4746,713
4747,1156
4748,437
4749,1212
4750,647
4751,558
4752,212
4753,37
4754,362
4755,706
4756,317
4757,631
4758,772
4759,101
4760,1193
4761,72
4762,981
4763,801
4764,324
4765,1185
4766,950
4767,281
4768,108
4769,117
4770,1115
4771,551
4772,330
4773,340
4774,735
4775,296
4776,610
4777,161
4778,279
4779,926
4780,381
4781,932
4782,1066
4783,1187
4784,125
4785,935
4786,902
4787,820
4788,161
4789,933
4790,713
4791,940
4792,550
4793,1173
4794,102
4795,189
4796,706
4797,15
4798,360
4799,573
4800,154
4801,65
4802,253
4803,603
4804,495
4805,15
4806,1171
4807,840
4808,1060
4809,59
4810,1040
4811,885
4812,345
4813,885
4814,1143
4815,1161
4816,1045
4817,1190
4818,1014
4819,929
4820,515
4821,475
4822,556
4823,1039
4824,1092
4825,135
4826,367
4827,738
4828,1111
4829,46
4830,398
4831,1084
4832,999
4833,43
4834,17
4835,460
4836,181
4837,538
4838,753
4839,616
4840,547
4841,218
4842,1188
4843,165
4844,556
4845,347
4846,934
4847,946
4848,816
4849,675
4850,256
4851,139
4852,172
4853,1154
4854,1178
4855,572
4856,756
4857,727
4858,149
4859,366
4860,996
4861,410
4862,79
4863,385
4864,1201
4865,65
4866,360
4867,380
4868,274
4869,359
4870,113
4871,1188
4872,852
4873,1198
4874,918
4875,367
4876,634
4877,1177
4878,290
4879,472
4880,1021
4881,984
4882,432
4883,1195
4884,958
4885,99
4886,366
4887,1057
4888,504
4889,172
4890,169
4891,591
4892,892
4893,557
4894,597
4895,489
4896,679
4897,209
4898,137
4899,1167
4900,986
4901,1179
4902,1064
4903,329
4904,833
4905,782
4906,730
4907,1016
4908,183
4909,1029
4910,636
4911,723
4912,11
4913,241
4914,1110
4915,474
4916,801
4917,163
4918,66
4919,838
4920,335
4921,94
4922,506
4923,880
4924,1206
4925,1132
4926,83
4927,954
4928,561
4929,247
4930,100
4931,198
4932,512
4933,174
4934,195
4935,1000
4936,1028
4937,1151
4938,523
4939,399
4940,907
4941,855
4942,904
4943,927
4944,173
4945,753
4946,377
4947,1044
4948,366
4949,349
4950,694
4951,470
4952,364
4953,1026
4954,153
4955,576
4956,987
4957,673
4958,63
4959,259
4960,176
4961,835
4962,971
4963,173
4964,835
4965,31
4966,248
4967,609
4968,909
4969,834
4970,858
4971,428
4972,365
4973,478
4974,37
4975,296
4976,1113
4977,610
4978,121
4979,1109
4980,348
4981,549
4982,920
4983,433
4984,7
4985,927
4986,1042
4987,1204
4988,221
4989,1043
4990,726
4991,1207
4992,661
4993,901
4994,1007
4995,182
4996,549
4997,1023
4998,446
4999,659
5000,573
5001,23
5002,1116
5003,789
5004,640
5005,169
5006,319
5007,833
5008,34
5009,877
5010,547
5011,360
5012,625
5013,1114
5014,779
5015,173
5016,1016
5017,1002
5018,329
5019,751
5020,51
5021,113
5022,250
5023,196
5024,91
5025,292
5026,1139
5027,899
5028,684
5029,989
5030,95
5031,566
5032,714
5033,1142
5034,596
5035,1198
5036,1052
5037,315
5038,205
5039,575
5040,537
5041,148
5042,1149
5043,175
5044,131
5045,892
5046,808
5047,112
5048,975
5049,829
5050,903
5051,793
5052,541
5053,170
5054,688
5055,648
5056,900
5057,931
5058,53
5059,1198
5060,1197
5061,304
5062,361
5063,787
5064,1150
5065,491
5066,1034
5067,1153
5068,1110
5069,1201
5070,306
5071,67
5072,718
5073,1078
5074,716
5075,228
5076,19
5077,965
5078,958
5079,337
5080,623
5081,110
5082,395
5083,393
5084,1191
5085,1191
5086,251
5087,801
5088,789
5089,903
5090,242
5091,39
5092,1008
5093,965
5094,258
5095,465
5096,921
5097,898
5098,516
5099,132
5100,26
5101,612
5102,122
5103,1088
5104,377
5105,718
5106,512
5107,1180
5108,571
5109,397
5110,866
5111,1130
5112,757
5113,441
5114,1186
5115,256
5116,517
5117,441
5118,584
5119,359
5120,1084
5121,849
5122,677
5123,680
5124,192
5125,469
5126,882
5127,406
5128,512
5129,252
5130,1206
5131,1085
5132,228
5133,746
5134,973
5135,593
5136,33
5137,53
5138,1206
5139,825
5140,548
5141,1127
5142,671
5143,463
5144,1142
5145,537
5146,646
5147,1112
5148,462
5149,841
5150,989
5151,1193
5152,1174
5153,471
5154,385
5155,1206
5156,997
5157,242
5158,966
5159,270
5160,1157
5161,1033
5162,395
5163,359
5164,849
5165,744
5166,1206
5167,764
5168,199
5169,472
5170,161
5171,632
5172,276
5173,1057
5174,1142
5175,1199
5176,226
5177,1030
5178,782
5179,297
5180,1134
5181,1192
5182,52
5183,377
5184,1168
5185,1155
5186,1207
5187,699
5188,413
5189,32
5190,1062
5191,423
5192,831
5193,605
5194,1077
5195,944
5196,310
5197,947
5198,742
5199,687
5200,505
5201,368
5202,143
5203,127
5204,510
5205,1134
5206,1039
5207,766
5208,602
5209,323
5210,1196
5211,1198
5212,227
5213,40
5214,531
5215,943
5216,270
5217,1118
5218,660
5219,358
5220,712
5221,955
5222,264
5223,1108
5224,248
5225,533
5226,775
5227,779
5228,635
5229,184
5230,998
5231,645
5232,874
5233,472
5234,945
5235,130
5236,659
5237,818
5238,129
5239,646
5240,1136
5241,288
5242,615
5243,1212
5244,272
5245,698
5246,793
5247,468
5248,224
5249,491
5250,321
5251,277
5252,137
5253,975
5254,1093
5255,535
5256,948
5257,614
5258,116
5259,219
5260,746
5261,35
5262,413
5263,1165
5264,88
5265,590
5266,311
5267,933
5268,768
5269,1088
5270,222
5271,422
5272,714
5273,219
5274,146
5275,139
5276,141
5277,1208
5278,670
5279,977
5280,706
5281,338
5282,142
5283,676
5284,260
5285,5
5286,871
5287,1056
5288,225
5289,644
5290,690
5291,326
5292,1164
5293,30
5294,46
5295,302
5296,684
5297,592
5298,1057
5299,336
5300,1020
5301,1101
5302,1199
5303,361
5304,1183
5305,1199
5306,265
5307,546
5308,527
5309,386
5310,1213
5311,567
5312,273
5313,659
5314,285
5315,945
5316,899
5317,355
5318,1007
5319,691
5320,698
5321,304
5322,13
5323,833
5324,619
5325,322
5326,405
5327,1104
5328,934
5329,865
5330,226
5331,575
5332,1147
5333,346
5334,748
5335,79
5336,899
5337,571
5338,850
5339,1022
5340,145
5341,907
5342,148
5343,1143
5344,1092
5345,940
5346,946
5347,537
5348,1178
5349,1122
5350,86
5351,1087
5352,99
5353,1005
5354,1040
5355,792
5356,1165
5357,1031
5358,619
5359,400
5360,238
5361,446
5362,133
5363,975
5364,181
5365,53
5366,154
5367,595
5368,1176
5369,410
5370,186
5371,902
5372,420
5373,74
5374,778
5375,1060
5376,667
5377,1129
5378,926
5379,96
5380,315
5381,106
5382,307
5383,670
5384,542
5385,118
5386,1084
5387,10
5388,849
5389,318
5390,601
5391,1161
5392,1130
5393,1043
5394,925
5395,607
5396,458
5397,731
5398,26
5399,1150
5400,6
5401,891
5402,1
5403,194
5404,199
5405,1113
5406,833
5407,720
5408,416
5409,246
5410,1197
5411,488
5412,1080
5413,439
5414,118
5415,1166
5416,318
5417,918
5418,364
5419,1135
5420,252
5421,1208
5422,467
5423,1070
5424,649
5425,497
5426,67
5427,1157
5428,654
5429,259
5430,316
5431,222
5432,705
5433,156
5434,645
5435,40
5436,684
5437,185
5438,27
5439,902
5440,922
5441,364
5442,599
5443,758
5444,785
5445,932
5446,1156
5447,977
5448,300
5449,811
5450,673
5451,376
5452,813
5453,935
5454,1045
5455,107
5456,1071
5457,810
5458,103
5459,144
5460,731
5461,1127
5462,800
5463,1002
5464,229
5465,1094
5466,995
5467,779
5468,846
5469,139
5470,477
5471,117
5472,292
5473,225
5474,463
5475,620
5476,256
5477,1138
5478,1063
5479,868
5480,290
5481,350
5482,687
5483,224
5484,450
5485,764
5486,292
5487,852
5488,432
5489,440
5490,952
5491,773
5492,1133
5493,158
5494,855
5495,920
5496,255
5497,177
5498,352
5499,954
5500,162
5501,498
5502,1155
5503,454
5504,880
5505,525
5506,232
5507,607
5508,132
5509,455
5510,781
5511,642
5512,822
5513,1139
5514,560
5515,1082
5516,1072
5517,1067
5518,656
5519,866
5520,261
5521,664
5522,223
5523,338
5524,220
5525,590
5526,4
5527,821
5528,956
5529,810
5530,554
5531,258
5532,620
5533,979
5534,848
5535,433
5536,1139
5537,1107
5538,186
5539,53
5540,61
5541,403
5542,486
5543,803
5544,889
5545,115
5546,964
5547,1102
5548,589
5549,1030
5550,146
5551,999
5552,817
5553,230
5554,764
5555,867
5556,59
5557,851
5558,361
5559,595
5560,1201
5561,1078
5562,741
5563,884
5564,133
5565,1011
5566,225
5567,163
5568,1118
5569,962
5570,418
5571,996
5572,1185
5573,85
5574,871
5575,1098
5576,579
5577,1132
5578,30
5579,661
5580,560
5581,1054
5582,797
5583,1202
5584,716
5585,810
5586,447
5587,641
5588,1053
5589,637
5590,279
5591,1111
5592,37
5593,1109
5594,302
5595,746
5596,391
5597,24
5598,414
5599,383
5600,1
5601,217
5602,405
5603,216
5604,1194
5605,228
5606,920
5607,528
5608,1031
5609,134
5610,37
5611,827
5612,1179
5613,858
5614,425
5615,895
5616,222
5617,1060
5618,323
5619,841
5620,708
5621,38
5622,257
5623,1145
5624,80
5625,1159
5626,584
5627,412
5628,1074
5629,492
5630,772
5631,416
5632,997
5633,605
5634,554
5635,493
5636,138
5637,1133
5638,1002
5639,975
5640,205
5641,629
5642,60
5643,617
5644,1172
5645,885
5646,944
5647,1203
5648,792
5649,1011
5650,1153
5651,269
5652,813
5653,346
5654,765
5655,900
5656,716
5657,1125
5658,268
5659,312
5660,588
5661,717
5662,1117
5663,1080
5664,475
5665,274
5666,129
5667,664
5668,214
5669,125
5670,418
5671,633
5672,1062
5673,1123
5674,1071
5675,1045
5676,385
5677,1102
5678,325
5679,1038
5680,127
5681,875
5682,954
5683,23
5684,1074
5685,1025
5686,526
5687,6
5688,880
5689,678
5690,618
5691,1114
5692,209
5693,1090
5694,1200
5695,700
5696,214
5697,763
5698,687
5699,339
5700,1041
5701,771
5702,424
5703,310
5704,438
5705,517
5706,691
5707,645
5708,121
5709,28
5710,834
5711,624
5712,609
5713,1137
5714,273
5715,1135
5716,545
5717,818
5718,1177
5719,245
5720,1071
5721,797
5722,830
5723,654
5724,985
5725,637
5726,218
5727,547
5728,1177
5729,1042
5730,667
5731,1063
5732,453
5733,483
5734,943
5735,104
5736,1091
5737,738
5738,73
5739,481
5740,94
5741,866
5742,263
5743,868
5744,690
5745,852
5746,177
5747,956
5748,1066
5749,527
5750,1211
5751,792
5752,196
5753,872
5754,828
5755,1152
5756,109
5757,412
5758,586
5759,403
5760,298
5761,856
5762,400
5763,109
5764,1164
5765,427
5766,811
5767,1086
5768,1152
5769,1105
5770,1048
5771,510
5772,1057
5773,245
5774,690
5775,700
5776,996
5777,402
5778,0
5779,491
5780,456
5781,1188
5782,974
5783,951
5784,1184
5785,384
5786,127
5787,147
5788,737
5789,712
5790,1109
5791,1073
5792,326
5793,1160
5794,168
5795,853
5796,931
5797,58
5798,1195
5799,108
5800,1178
5801,607
5802,273
5803,778
5804,361
5805,556
5806,589
5807,440
5808,136
5809,906
5810,1184
5811,502
5812,734
5813,834
5814,6
5815,1076
5816,709
5817,692
5818,229
5819,519
5820,551
5821,789
5822,1176
5823,882
5824,14
5825,1075
5826,349
5827,671
5828,305
5829,1187
5830,1175
5831,716
5832,103
5833,237
5834,896
5835,822
5836,949
5837,282
5838,1009
5839,1165
5840,943
5841,890
5842,72
5843,1034
5844,316
5845,76
5846,359
5847,782
5848,1099
5849,241
5850,232
5851,720
5852,1013
5853,1178
5854,1109
5855,738
5856,118
5857,485
5858,529
5859,918
5860,1000
5861,500
5862,35
5863,898
5864,305
5865,681
5866,676
5867,138
5868,180
5869,78
5870,135
5871,444
5872,745
5873,994
5874,412
5875,1148
5876,795
5877,882
5878,178
5879,415
5880,342
5881,814
5882,735
5883,1096
5884,820
5885,136
5886,57
5887,811
5888,45
5889,540
5890,973
5891,1043
5892,306
5893,1051
5894,448
5895,477
5896,881
5897,516
5898,238
5899,941
5900,1193
5901,7
5902,135
5903,165
5904,109
5905,696
5906,397
5907,234
5908,870
5909,444
5910,1158
5911,1103
5912,189
5913,732
5914,325
5915,898
5916,130
5917,838
5918,245
5919,337
5920,30
5921,1096
5922,451
5923,300
5924,530
5925,1098
5926,165
5927,354
5928,781
5929,723
5930,603
5931,738
5932,93
5933,849
5934,114
5935,698
5936,1061
5937,1010
5938,443
5939,669
5940,1
5941,182
5942,937
5943,969
5944,672
5945,1211
5946,574
5947,185
5948,110
5949,1159
5950,1137
5951,261
5952,104
5953,440
5954,765
5955,663
5956,369
5957,180
5958,524
5959,722
5960,844
5961,627
5962,658
5963,70
5964,269
5965,976
5966,1
5967,955
5968,152
5969,334
5970,253
5971,520
5972,984
5973,302
5974,797
5975,834
5976,236
5977,635
5978,785
5979,365
5980,410
5981,293
5982,661
5983,807
5984,273
5985,1045
5986,657
5987,662
5988,769
5989,650
5990,1195
5991,116
5992,58
5993,749
5994,591
5995,21
5996,122
5997,597
5998,328
5999,166
6000,255
6001,745
6002,500
6003,71
6004,901
6005,730
6006,882
6007,35
6008,250
6009,668
6010,1161
6011,91
6012,605
6013,297
6014,1122
6015,570
6016,423
6017,541
6018,639
6019,1001
6020,778
6021,116
6022,214
6023,285
6024,798
6025,904
6026,281
6027,158
6028,1064
6029,684
6030,60
6031,788
6032,63
6033,448
6034,175
6035,755
6036,889
6037,757
6038,645
6039,1079
6040,685
6041,1134
6042,614
6043,825
6044,732
6045,324
6046,800
6047,1207
6048,232
6049,178
6050,4
6051,1115
6052,330
6053,326
6054,1001
6055,237
6056,8
6057,96
6058,1076
6059,1020
6060,843
6061,606
6062,997
6063,136
6064,225
6065,692
6066,325
6067,138
6068,468
6069,56
6070,801
6071,559
6072,973
6073,728
6074,390
6075,1160
6076,23
6077,787
6078,596
6079,156
6080,833
6081,1059
6082,824
6083,510
6084,172
6085,1045
6086,1139
6087,1089
6088,221
6089,776
6090,775
6091,646
6092,327
6093,338
6094,447
6095,637
6096,173
6097,436
6098,49
6099,703
6100,285
6101,461
6102,461
6103,1118
6104,375
6105,15
6106,97
6107,369
6108,1204
6109,913
6110,1130
6111,623
6112,1096
6113,1146
6114,539
6115,94
6116,426
6117,689
6118,377
6119,625
6120,1105
6121,920
6122,676
6123,306
6124,564
6125,740
6126,686
6127,56
6128,685
6129,426
6130,594
6131,220
6132,611
6133,656
6134,84
6135,405
6136,857
6137,281
6138,1091
6139,151
6140,892
6141,1165
6142,284
6143,379
6144,263
6145,364
6146,461
6147,1078
6148,12
6149,326
6150,443
6151,360
6152,896
6153,1098
6154,315
6155,33
6156,783
6157,410
6158,22
6159,292
6160,109
6161,831
6162,816
6163,461
6164,598
6165,827
6166,675
6167,515
6168,1139
6169,942
6170,1130
6171,462
6172,57
6173,100
6174,469
6175,386
6176,1117
6177,1117
6178,618
6179,253
6180,471
6181,388
6182,927
6183,864
6184,748
6185,835
6186,346
6187,489
6188,46
6189,674
6190,890
6191,605
6192,114
6193,967
6194,649
6195,759
6196,1201
6197,1188
6198,1168
6199,1186
6200,319
6201,689
6202,1074
6203,410
6204,347
6205,93
6206,894
6207,252
6208,592
6209,237
6210,713
6211,1041
6212,71
6213,126
6214,808
6215,1132
6216,789
6217,656
6218,17
6219,173
6220,982
6221,837
6222,153
6223,931
6224,424
6225,1094
6226,657
6227,1087
6228,165
6229,857
6230,1123
6231,666
6232,45
6233,139
6234,541
6235,1040
6236,549
6237,839
6238,1167
6239,522
6240,54
6241,798
6242,582
6243,559
6244,123
6245,76
6246,994
6247,931
6248,1112
6249,601
6250,162
6251,185
6252,10
6253,155
6254,94
6255,613
6256,130
6257,892
6258,222
6259,249
6260,119
6261,790
6262,577
6263,604
6264,855
6265,430
6266,752
6267,461
6268,110
6269,716
6270,1149
6271,440
6272,1156
6273,820
6274,253
6275,86
6276,349
6277,367
6278,858
6279,1204
6280,198
6281,411
6282,405
6283,160
6284,457
6285,482
6286,860
6287,1022
6288,1015
6289,179
6290,538
6291,989
6292,431
6293,980
6294,100
6295,408
6296,614
6297,860
6298,1090
6299,735
6300,360
6301,275
6302,855
6303,454
6304,1061
6305,258
6306,1038
6307,520
6308,282
6309,882
6310,449
6311,1195
6312,101
6313,170
6314,741
6315,1141
6316,1139
6317,207
6318,306
6319,793
6320,1016
6321,57
6322,1137
6323,396
6324,713
6325,473
6326,153
6327,74
6328,904
6329,753
6330,433
6331,667
6332,91
6333,526
6334,482
6335,681
6336,1187
6337,1061
6338,358
6339,347
6340,1199
6341,501
6342,1121
6343,629
6344,871
6345,950
6346,1026
6347,21
6348,482
6349,759
6350,543
6351,103
6352,1201
6353,517
6354,44
6355,61
6356,965
6357,493
6358,934
6359,537
6360,413
6361,656
6362,1074
6363,828
6364,895
6365,189
6366,388
6367,861
6368,1109
6369,74
6370,359
6371,930
6372,275
6373,1100
6374,413
6375,964
6376,247
6377,151
6378,352
6379,988
6380,11
6381,1163
6382,798
6383,770
6384,389
6385,560
6386,424
6387,383
6388,790
6389,986
6390,239
6391,419
6392,1060
6393,755
6394,1055
6395,878
6396,268
6397,627
6398,911
6399,486
6400,294
6401,984
6402,619
6403,435
6404,929
6405,486
6406,893
6407,1053
6408,1028
6409,174
6410,1078
6411,700
6412,742
6413,919
6414,241
6415,445
6416,1116
6417,240
6418,137
6419,1062
6420,124
6421,78
6422,682
6423,460
6424,707
6425,566
6426,727
6427,363
6428,732
6429,970
6430,376
6431,1006
6432,787
6433,91
6434,1015
6435,57
6436,465
6437,237
6438,728
6439,520
6440,624
6441,856
6442,929
6443,1012
6444,223
6445,367
6446,243
6447,416
6448,935
6449,1213
6450,793
6451,624
6452,624
6453,917
6454,365
6455,1084
6456,247
6457,444
6458,634
6459,97
6460,878
6461,321
6462,734
6463,1149
6464,341
6465,1132
6466,68
6467,842
6468,1066
6469,197
6470,1047
6471,758
6472,1183
6473,1169
6474,1096
6475,408
6476,64
6477,1171
6478,287
6479,271
6480,1200
6481,29
6482,145
6483,693
6484,315
6485,1114
6486,199
6487,218
6488,66
6489,525
6490,283
6491,625
6492,1149
6493,694
6494,60
6495,740
6496,570
6497,345
6498,100
6499,767
6500,881
6501,452
6502,979
6503,503
6504,633
6505,1179
6506,1053
6507,656
6508,188
6509,333
6510,361
6511,696
6512,24
6513,320
6514,350
6515,446
6516,28
6517,718
6518,266
6519,408
6520,1137
6521,1001
6522,138
6523,1141
6524,409
6525,947
6526,1021
6527,1032
6528,348
6529,1186
6530,1188
6531,357
6532,795
6533,540
6534,41
6535,293
6536,655
6537,849
6538,29
6539,137
6540,777
6541,696
6542,560
6543,804
6544,285
6545,747
6546,548
6547,186
6548,570
6549,342
6550,1073
6551,37
6552,95
6553,1167
6554,148
6555,615
6556,354
6557,755
6558,482
6559,1074
6560,854
6561,627
6562,859
6563,862
6564,415
6565,771
6566,704
6567,663
6568,1122
6569,220
6570,182
6571,250
6572,5
6573,1149
6574,665
6575,550
6576,367
6577,372
6578,151
6579,575
6580,705
6581,145
6582,891
6583,1107
6584,218
6585,1199
6586,371
6587,389
6588,811
6589,154
6590,753
6591,1067
6592,859
6593,1201
6594,861
6595,1202
6596,456
6597,418
6598,1034
6599,84
6600,770
6601,355
6602,1187
6603,160
6604,3
6605,355
6606,218
6607,166
6608,918
6609,509
6610,1203
6611,1175
6612,507
6613,20
6614,1068
6615,793
6616,376
6617,1067
6618,515
6619,1100
6620,945
6621,1012
6622,11
6623,38
6624,75
6625,131
6626,372
6627,426
6628,393
6629,933
6630,771
6631,853
6632,213
6633,356
6634,5
6635,263
6636,410
6637,769
6638,17
6639,1067
6640,1147
6641,1142
6642,392
6643,1031
6644,789
6645,820
6646,1088
6647,963
6648,767
6649,89
6650,721
6651,1171
6652,662
6653,405
6654,834
6655,367
6656,1041
6657,1000
6658,96
6659,499
6660,418
6661,729
6662,1107
6663,365
6664,586
6665,630
6666,82
6667,627
6668,69
6669,193
6670,831
6671,226
6672,1153
6673,300
6674,1187
6675,482
6676,428
6677,656
6678,965
6679,34
6680,996
6681,372
6682,429
6683,283
6684,269
6685,1084
6686,936
6687,180
6688,227
6689,1161
6690,993
6691,55
6692,93
6693,323
6694,388
6695,1081
6696,633
6697,723
6698,67
6699,1092
6700,1052
6701,714
6702,550
6703,1084
6704,1196
6705,622
6706,865
6707,73
6708,560
6709,412
6710,575
6711,272
6712,979
6713,840
6714,239
6715,1149
6716,236
6717,341
6718,417
6719,83
6720,573
6721,992
6722,1072
6723,20
6724,579
6725,1199
6726,153
6727,941
6728,987
6729,322
6730,431
6731,749
6732,549
6733,741
6734,24
6735,354
6736,1197
6737,115
6738,712
6739,76
6740,75
6741,704
6742,796
6743,149
6744,957
6745,545
6746,1162
6747,268
6748,504
6749,422
6750,308
6751,497
6752,166
6753,960
6754,550
6755,744
6756,873
6757,272
6758,445
6759,1188
6760,491
6761,96
6762,381
6763,963
6764,23
6765,298
6766,646
6767,1090
6768,523
6769,8
6770,1153
6771,902
6772,35
6773,271
6774,424
6775,192
6776,917
6777,844
6778,663
6779,44
6780,640
6781,260
6782,1084
6783,916
6784,590
6785,295
6786,516
6787,271
6788,649
6789,904
6790,234
6791,256
6792,486
6793,483
6794,183
6795,440
6796,173
6797,782
6798,184
6799,119
6800,719
6801,688
6802,692
6803,725
6804,677
6805,1026
6806,601
6807,827
6808,547
6809,1046
6810,522
6811,37
6812,684
6813,158
6814,891
6815,282
6816,248
6817,81
6818,841
6819,82
6820,882
6821,856
6822,1031
6823,334
6824,56
6825,428
6826,62
6827,782
6828,301
6829,406
6830,530
6831,882
6832,438
6833,1210
6834,152
6835,945
6836,100
6837,101
6838,1130
6839,710
6840,850
6841,77
6842,83
6843,126
6844,680
6845,694
6846,563
6847,370
6848,97
6849,904
6850,259
6851,823
6852,193
6853,908
6854,73
6855,409
6856,568
6857,1093
6858,1024
6859,476
6860,939
6861,587
6862,902
6863,1109
6864,845
6865,612
6866,1088
6867,795
6868,1138
6869,1096
6870,1055
6871,576
6872,759
6873,917
6874,1191
6875,735
6876,520
6877,1166
6878,1032
6879,322
6880,1167
6881,1021
6882,356
6883,420
6884,789
6885,396
6886,23
6887,322
6888,875
6889,238
6890,112
6891,1205
6892,910
6893,1015
6894,498
6895,1197
6896,709
6897,128
6898,427
6899,615
6900,933
6901,614
6902,172
6903,999
6904,119
6905,718
6906,745
6907,743
6908,1001
6909,867
6910,72
6911,926
6912,185
6913,456
6914,782
6915,109
6916,903
6917,695
6918,820
6919,896
6920,330
6921,546
6922,553
6923,564
6924,77
6925,174
6926,1011
6927,24
6928,1156
6929,1019
6930,1209
6931,330
6932,1198
6933,10
6934,324
6935,935
6936,657
6937,172
6938,127
6939,398
6940,219
6941,482
6942,144
6943,391
6944,956
6945,1189
6946,847
6947,1071
6948,470
6949,48
6950,905
6951,272
6952,554
6953,167
6954,1167
6955,347
6956,221
6957,34
6958,1083
6959,320
6960,393
6961,691
6962,87
6963,951
6964,270
6965,526
6966,1085
6967,820
6968,25
6969,310
6970,101
6971,638
6972,120
6973,469
6974,641
6975,566
6976,1194
6977,24
6978,178
6979,510
6980,1179
6981,932
6982,1162
6983,220
6984,1134
6985,562
6986,825
6987,104
6988,1063
6989,466
6990,107
6991,613
6992,969
6993,814
6994,948
6995,107
6996,386
6997,891
6998,1151
6999,835
7000,619
7001,1081
7002,365
7003,912
7004,401
7005,1091
7006,608
7007,1198
7008,1040
7009,1110
7010,430
7011,758
7012,927
7013,334
7014,775
7015,453
7016,1044
7017,175
7018,987
7019,703
7020,894
7021,1127
7022,434
7023,31
7024,552
7025,944
7026,1176
7027,187
7028,825
7029,1167
7030,898
7031,725
7032,889
7033,154
7034,269
7035,215
7036,1099
7037,612
7038,1018
7039,1082
7040,541
7041,214
7042,1155
7043,859
7044,634
7045,1076
7046,1007
7047,565
7048,423
7049,866
7050,131
7051,685
7052,472
7053,874
7054,1183
7055,588
7056,870
7057,593
7058,609
7059,422
7060,290
7061,1094
7062,1025
7063,701
7064,341
7065,713
7066,558
7067,1020
7068,44
7069,48
7070,480
7071,975
7072,86
7073,1036
7074,685
7075,1168
7076,985
7077,1150
7078,346
7079,137
7080,444
7081,1130
7082,951
7083,476
7084,32
7085,800
7086,161
7087,67
7088,1078
7089,637
7090,657
7091,369
7092,596
7093,876
7094,773
7095,45
7096,171
7097,846
7098,1069
7099,702
7100,810
7101,95
7102,1017
7103,1046
7104,52
7105,510
7106,704
7107,1204
7108,722
7109,923
7110,149
7111,1192
7112,1047
7113,872
7114,1091
7115,833
7116,402
7117,605
7118,494
7119,779
7120,772
7121,890
7122,751
7123,931
7124,410
7125,546
7126,889
7127,322
7128,354
7129,21
7130,773
7131,8
7132,1033
7133,917
7134,1194
7135,1162
7136,459
7137,12
7138,574
7139,87
7140,8
7141,1212
7142,827
7143,810
7144,310
7145,694
7146,882
7147,568
7148,1187
7149,884
7150,877
7151,927
7152,87
7153,987
7154,971
7155,29
7156,60
7157,948
7158,16
7159,249
7160,431
7161,125
7162,195
7163,409
7164,1065
7165,446
7166,161
7167,399
7168,510
7169,1185
7170,205
7171,1147
7172,758
7173,262
7174,1130
7175,2
7176,350
7177,106
7178,972
7179,789
7180,468
7181,303
7182,318
7183,1210
7184,325
7185,730
7186,601
7187,349
7188,725
7189,42
7190,252
7191,136
7192,1079
7193,30
7194,589
7195,74
7196,454
7197,355
7198,706
7199,1161
7200,983
7201,200
7202,692
7203,43
7204,889
7205,435
7206,566
7207,28
7208,406
7209,191
7210,1017
7211,1131
7212,191
7213,985
7214,395
7215,84
7216,609
7217,1014
7218,1188
7219,630
7220,43
7221,474
7222,864
7223,887
7224,759
7225,964
7226,501
7227,1004
7228,980
7229,104
7230,154
7231,219
7232,110
7233,842
7234,183
7235,1020
7236,212
7237,3
7238,486
7239,1165
7240,463
7241,806
7242,128
7243,527
7244,1179
7245,919
7246,598
7247,447
7248,335
7249,238
7250,735
7251,802
7252,1035
7253,758
7254,604
7255,579
7256,514
7257,310
7258,850
7259,889
7260,356
7261,370
7262,164
7263,971
7264,611
7265,98
7266,127
7267,644
7268,158
7269,970
7270,1118
7271,68
7272,392
7273,948
7274,386
7275,460
7276,1042
7277,1131
7278,1099
7279,93
7280,98
7281,242
7282,401
7283,807
7284,949
7285,742
7286,127
7287,1105
7288,2
7289,15
7290,574
7291,315
7292,184
7293,468
7294,869
7295,25
7296,222
7297,285
7298,859
7299,907
7300,942
7301,99
7302,862
7303,627
7304,1047
7305,976
7306,427
7307,1096
7308,501
7309,1205
7310,345
7311,1115
7312,576
7313,1114
7314,709
7315,182
7316,1004
7317,508
7318,359
7319,61
7320,115
7321,1017
7322,1039
7323,439
7324,251
7325,170
7326,499
7327,770
7328,666
7329,377
7330,939
7331,326
7332,1076
7333,403
7334,797
7335,1099
7336,492
7337,1122
7338,103
7339,903
7340,415
7341,1069
7342,266
7343,844
7344,651
7345,1057
7346,299
7347,576
7348,573
7349,507
7350,216
7351,757
7352,935
7353,1173
7354,462
7355,927
7356,823
7357,416
7358,1035
7359,258
7360,553
7361,892
7362,779
7363,84
7364,930
7365,796
7366,328
7367,318
7368,192
7369,1023
7370,117
7371,817
7372,332
7373,144
7374,99
7375,563
7376,220
7377,1140
7378,396
7379,394
7380,702
7381,715
7382,809
7383,1168
7384,1035
7385,941
7386,1205
7387,761
7388,61
7389,75
7390,730
7391,196
7392,1100
7393,182
7394,148
7395,946
7396,978
7397,1120
7398,1197
7399,65
7400,827
7401,609
7402,762
7403,153
7404,227
7405,548
7406,617
7407,1047
7408,194
7409,1203
7410,1202
7411,543
7412,856
7413,397
7414,623
7415,356
7416,847
7417,98
7418,1180
7419,736
7420,864
7421,476
7422,315
7423,737
7424,587
7425,947
7426,442
7427,844
7428,794
7429,721
7430,288
7431,584
7432,620
7433,589
7434,859
7435,591
7436,199
7437,224
7438,1048
7439,1041
7440,235
7441,1190
7442,748
7443,540
7444,84
7445,683
7446,929
7447,1166
7448,1076
7449,15
7450,907
7451,151
7452,16
7453,455
7454,726
7455,353
7456,274
7457,163
7458,833
7459,743
7460,207
7461,614
7462,628
7463,1
7464,349
7465,870
7466,392
7467,1204
7468,945
7469,122
7470,561
7471,797
7472,288
7473,56
7474,161
7475,271
7476,165
7477,341
7478,2
7479,172
7480,933
7481,340
7482,530
7483,987
7484,659
7485,389
7486,576
7487,219
7488,104
7489,198
7490,111
7491,41
7492,571
7493,859
7494,296
7495,166
7496,766
7497,60
7498,85
7499,886
7500,423
7501,488
7502,295
7503,468
7504,351
7505,839
7506,368
7507,369
7508,632
7509,834
7510,743
7511,255
7512,418
7513,934
7514,1001
7515,1178
7516,593
7517,196
7518,997
7519,373
7520,1186
7521,745
7522,1021
7523,1158
7524,485
7525,989
7526,185
7527,44
7528,399
7529,509
7530,124
7531,1040
7532,1157
7533,182
7534,558
7535,139
7536,835
7537,401
7538,589
7539,1134
7540,1036
7541,1074
7542,931
7543,798
7544,202
7545,1046
7546,1181
7547,65
7548,873
7549,279
7550,158
7551,293
7552,222
7553,624
7554,575
7555,73
7556,1070
7557,571
7558,637
7559,113
7560,1104
7561,405
7562,566
7563,649
7564,161
7565,1177
7566,225
7567,176
7568,412
7569,1130
7570,994
7571,1148
7572,317
7573,594
7574,933
7575,518
7576,572
7577,913
7578,218
7579,839
7580,35
7581,1208
7582,859
7583,195
7584,918
7585,347
7586,569
7587,943
7588,1081
7589,783
7590,591
7591,490
7592,1094
7593,1082
7594,411
7595,1201
7596,442
7597,1084
7598,305
7599,237
7600,1185
7601,938
7602,1062
7603,459
7604,840
7605,769
7606,457
7607,642
7608,219
7609,547
7610,1094
7611,546
7612,148
7613,379
7614,141
7615,532
7616,496
7617,596
7618,750
7619,1040
7620,720
7621,390
7622,119
7623,1196
7624,614
7625,198
7626,1212
7627,590
7628,540
7629,295
7630,34
7631,528
7632,1197
7633,964
7634,721
7635,176
7636,1041
7637,983
7638,82
7639,1165
7640,928
7641,561
7642,1078
7643,712
7644,911
7645,472
7646,718
7647,1188
7648,701
7649,100
7650,440
7651,1132
7652,30
7653,324
7654,104
7655,685
7656,203
7657,470
7658,88
7659,651
7660,442
7661,989
7662,446
7663,53
7664,62
7665,871
7666,1068
7667,474
7668,343
7669,165
7670,422
7671,394
7672,968
7673,701
7674,458
7675,873
7676,938
7677,52
7678,303
7679,985
7680,488
7681,340
7682,977
7683,120
7684,378
7685,1092
7686,490
7687,454
7688,838
7689,1195
7690,204
7691,1135
7692,943
7693,486
7694,323
7695,1071
7696,194
7697,179
7698,443
7699,793
7700,387
7701,934
7702,414
7703,1058
7704,785
7705,176
7706,157
7707,625
7708,136
7709,466
7710,670
7711,202
7712,355
7713,1187
7714,966
7715,733
7716,633
7717,148
7718,842
7719,310
7720,619
7721,595
7722,617
7723,344
7724,419
7725,317
7726,1209
7727,86
7728,1138
7729,795
7730,998
7731,39
7732,634
7733,835
7734,149
7735,824
7736,182
7737,253
7738,1001
7739,964
7740,1089
7741,1004
7742,588
7743,96
7744,875
7745,1131
7746,893
7747,867
7748,856
7749,149
7750,1073
7751,59
7752,571
7753,1082
7754,969
7755,784
7756,873
7757,866
7758,463
7759,164
7760,369
7761,142
7762,631
7763,857
7764,360
7765,420
7766,52
7767,769
7768,381
7769,391
7770,396
7771,171
7772,1176
7773,1185
7774,523
7775,347
7776,44
7777,612
7778,1203
7779,422
7780,634
7781,1132
7782,996
7783,345
7784,200
7785,65
7786,1182
7787,854
7788,679
7789,448
7790,930
7791,831
7792,417
7793,569
7794,203
7795,778
7796,71
7797,628
7798,93
7799,600
7800,1060
7801,914
7802,1135
7803,180
7804,328
7805,798
7806,193
7807,906
7808,881
7809,964
7810,987
7811,970
7812,546
7813,616
7814,957
7815,1043
7816,1211
7817,734
7818,24
7819,1142
7820,168
7821,150
7822,1094
7823,1086
7824,763
7825,84
7826,154
7827,976
7828,870
7829,1022
7830,377
7831,331
7832,582
7833,128
7834,593
7835,98
7836,836
7837,758
7838,1166
7839,32
7840,820
7841,397
7842,369
7843,215
7844,1159
7845,177
7846,51
7847,547
7848,334
7849,1060
7850,165
7851,938
7852,741
7853,472
7854,284
7855,331
7856,418
7857,77
7858,1061
7859,840
7860,190
7861,1143
7862,915
7863,655
7864,930
7865,66
7866,424
7867,610
7868,376
7869,1114
7870,848
7871,314
7872,719
7873,1047
7874,495
7875,174
7876,1076
7877,157
7878,295
7879,420
7880,819
7881,257
7882,479
7883,452
7884,20
7885,645
7886,26
7887,676
7888,815
7889,37
7890,841
7891,807
7892,318
7893,1054
7894,383
7895,76
7896,874
7897,611
7898,568
7899,321
7900,785
7901,991
7902,656
7903,1051
7904,146
7905,1195
7906,421
7907,824
7908,496
7909,174
7910,692
7911,402
7912,373
7913,399
7914,670
7915,905
7916,482
7917,51
7918,125
7919,817
7920,13
7921,423
7922,211
7923,953
7924,175
7925,766
7926,151
7927,1080
7928,1167
7929,330
7930,69
7931,508
7932,821
7933,980
7934,362
7935,638
7936,40
7937,1143
7938,880
7939,770
7940,640
7941,200
7942,837
7943,502
7944,368
7945,268
7946,384
7947,1147
7948,475
7949,230
7950,284
7951,78
7952,791
7953,615
7954,633
7955,1004
7956,336
7957,1057
7958,229
7959,559
7960,525
7961,239
7962,1132
7963,1109
7964,687
7965,611
7966,555
7967,741
7968,763
7969,126
7970,677
7971,1063
7972,121
7973,89
7974,590
7975,100
7976,427
7977,606
7978,284
7979,584
7980,1050
7981,638
7982,752
7983,674
7984,960
7985,805
7986,482
7987,515
7988,9
7989,305
7990,189
7991,1189
7992,1061
7993,354
7994,143
7995,983
7996,73
7997,1071
7998,857
7999,527
8000,534
8001,110
8002,135
8003,1068
8004,718
8005,869
8006,1195
8007,639
8008,1086
8009,100
8010,196
8011,1005
8012,681
8013,322
8014,906
8015,277
8016,640
8017,1206
8018,803
8019,1133
8020,422
8021,856
8022,999
8023,307
8024,420
8025,272
8026,303
8027,78
8028,484
8029,13
8030,799
8031,625
8032,354
8033,621
8034,1183
8035,575
8036,520
8037,774
8038,63
8039,142
8040,688
8041,335
8042,974
8043,479
8044,1173
8045,57
8046,706
8047,67
8048,67
8049,803
8050,334
8051,999
8052,287
8053,672
8054,29
8055,1123
8056,363
8057,1099
8058,567
8059,226
8060,1149
8061,733
8062,173
8063,439
8064,335
8065,843
8066,872
8067,543
8068,493
8069,318
8070,240
8071,844
8072,179
8073,1162
8074,975
8075,452
8076,939
8077,980
8078,1139
8079,362
8080,3
8081,550
8082,741
8083,209
8084,650
8085,1203
8086,729
8087,929
8088,90
8089,410
8090,825
8091,479
8092,960
8093,187
8094,255
8095,1045
8096,422
8097,1075
8098,691
8099,992
8100,670
8101,491
8102,624
8103,823
8104,121
8105,268
8106,1032
8107,430
8108,557
8109,770
8110,640
8111,323
8112,872
8113,358
8114,273
8115,1121
8116,1140
8117,66
8118,375
8119,1063
8120,34
8121,976
8122,754
8123,502
8124,259
8125,441
8126,849
8127,278
8128,857
8129,690
8130,910
8131,1176
8132,187
8133,262
8134,1063
8135,187
8136,835
8137,969
8138,599
8139,754
8140,1020
8141,428
8142,820
8143,83
8144,343
8145,818
8146,1178
8147,1115
8148,76
8149,282
8150,520
8151,77
8152,42
8153,698
8154,452
8155,1067
8156,88
8157,398
8158,1163
8159,1072
8160,1131
8161,764
8162,775
8163,421
8164,23
8165,218
8166,616
8167,762
8168,116
8169,702
8170,1112
8171,425
8172,1201
8173,55
8174,454
8175,273
8176,541
8177,566
8178,246
8179,499
8180,1034
8181,617
8182,237
8183,1169
8184,1044
8185,1106
8186,52
8187,642
8188,258
8189,74
8190,202
8191,1094
8192,49
8193,193
8194,749
8195,487
8196,170
8197,476
8198,478
8199,24
8200,1164
8201,1096
8202,969
8203,551
8204,989
8205,199
8206,653
8207,702
8208,782
8209,1102
8210,374
8211,98
8212,296
8213,254
8214,896
8215,773
8216,108
8217,864
8218,348
8219,994
8220,385
8221,57
8222,106
8223,153
8224,991
8225,193
8226,285
8227,911
8228,621
8229,613
8230,750
8231,415
8232,270
8233,559
8234,166
8235,676
8236,310
8237,678
8238,227
8239,260
8240,1204
8241,729
8242,379
8243,401
8244,521
8245,1201
8246,425
8247,893
8248,550
8249,865
8250,105
8251,295
8252,734
8253,447
8254,900
8255,368
8256,941
8257,1005
8258,1206
8259,1012
8260,160
8261,1193
8262,276
8263,1061
8264,237
8265,811
8266,1161
8267,169
8268,78
8269,397
8270,1078
8271,582
8272,244
8273,1105
8274,1036
8275,208
8276,979
8277,1102
8278,908
8279,597
8280,840
8281,714
8282,61
8283,523
8284,631
8285,376
8286,933
8287,1069
8288,362
8289,443
8290,944
8291,191
8292,1170
8293,544
8294,684
8295,824
8296,629
8297,212
8298,494
8299,1197
8300,383
8301,515
8302,583
8303,288
8304,645
8305,193
8306,24
